local_code,nom_francais,nom_scientifique,statut_marche,statut_france,produits_principaux,qualites_a_documenter,portee_geographique,prix_fbf_2024_eur_m3_sur_pied,prix_fbf_2025_eur_m3_sur_pied,source_prix,source_technique,niveau_preuve,notes
CH_SESSILE,Chêne sessile / rouvre,Quercus petraea,principale,indigene,"sciage;merrain;tranchage;parquet;charpente;energie","rectitude;diametre;roulure;noeuds;fentes;couleur","France metropolitaine;Centre;Nord-Est;Ouest",228,190,FBF-INDICATEUR-2026,ONF-CNPF-FCBA,B,"Valeur FBF groupe chêne ; séparation sessile/pédonculé à préciser"
CH_PEDONCULE,Chêne pédonculé,Quercus robur,principale,indigene,"sciage;merrain;tranchage;charpente;traverse;energie","rectitude;station;roulure;noeuds;fentes","France metropolitaine;plaines;Ouest;Centre",228,190,FBF-INDICATEUR-2026,ONF-CNPF-FCBA,B,"Valeur FBF groupe chêne"
CH_PUBESCENT,Chêne pubescent,Quercus pubescens,secondaire,indigene,"energie;sciage local;charpente","diametre;noeuds;fentes;secheresse","Sud-Est;Mediterranee",,,NON_DISPONIBLE,FCBA-CNPF,C,"Pas de prix national séparé"
CH_VERT,Chêne vert,Quercus ilex,niche,indigene,"energie;charbon historique;produits locaux","petit diametre;densite;fentes","Mediterranee;Corse",,,NON_DISPONIBLE,"CNPF,ADEME",C,"Marché principalement local"
CH_LIEGE,Chêne-liège,Quercus suber,niche,indigene,"liege;energie","qualite de l'écorce;cycle de levée;origine","Corse;Mediterranee",,,NON_DISPONIBLE,ONF-CNPF,C,"Le produit principal est l'écorce, pas une grume standard"
HETRE_COMMUN,Hêtre commun,Fagus sylvatica,principale,indigene,"sciage;deroulage;ameublement;parquet;energie","rectitude;coeur rouge;noeuds;fentes;humidite","France metropolitaine;Nord-Est;Massifs",56,49,FBF-INDICATEUR-2026,"FCBA-ONF,CNPF",B,""
CHATAIGNIER,Châtaignier,Castanea sativa,principale,indigene,"piquet;bardage;parquet;charpente;sciage","roulure;durabilite;diametre;rectitude","Ouest;Sud-Ouest;Massif central",119,97,FBF-INDICATEUR-2026,FCBA-CNPF,A,""
FRENE_ELEVE,Frêne élevé,Fraxinus excelsior,secondaire,indigene,"sciage;placage;ameublement;manches","couleur;fil;noeuds;chalarose","France metropolitaine",158,155,FBF-INDICATEUR-2026,FCBA-ONF,B,""
PEUPLIER_HYBR,Peuplier cultivé,Populus hybrides,principale,cultive,"deroulage;emballage;contreplaque;palette","cultivar;diametre;longueur;rectitude;bois de tension","Vallees alluviales;Nord;Ouest;Centre",73,62,FBF-INDICATEUR-2026,FCBA-CNPF,A,"Valeur FBF groupe peuplier"
PEUPLIER_NOIR,Peuplier noir,Populus nigra,secondaire,indigene,"emballage;pate;panneaux;energie","diametre;noeuds;humidite","Ripisylves;vallees alluviales",,,NON_DISPONIBLE,IGN-CNPF,C,""
TREMBLE,Tremble,Populus tremula,secondaire,indigene,"pate;emballage;panneaux;energie","diametre;humidite;noeuds","France metropolitaine",,,NON_DISPONIBLE,IGN-FCBA,C,""
CHARME,Charme,Carpinus betulus,secondaire,indigene,"energie;outils;tournage;sciage secondaire","densite;petit diametre;fentes","France metropolitaine",,,NON_DISPONIBLE,FCBA-CNPF,C,""
ROBINIER,Robinier faux-acacia,Robinia pseudoacacia,principale,neophyte_naturalise,"piquet;cloture;parquet;exterieur;sciage","durabilite;diametre;rectitude;aubier","Bassins de plaine;Est;Sud-Ouest",,,NON_DISPONIBLE,FCBA-CNPF,C,"Prix fortement lié aux débouchés piquets"
ERABLE_SYC,Érable sycomore,Acer pseudoplatanus,niche,indigene,"placage;lutherie;ameublement;tournage","fil;onde;couleur;noeuds","Nord-Est;Alpes;Massif central",,,NON_DISPONIBLE,FCBA-CNPF,C,""
ERABLE_PLANE,Érable plane,Acer platanoides,niche,indigene,"menuiserie;tournage;placage","aspect;fil;diametre","France metropolitaine",,,NON_DISPONIBLE,FCBA-CNPF,C,""
MERISIER,Merisier,Prunus avium,niche,indigene,"placage;ameublement;lutherie","couleur;fil;rectitude;noeuds","France metropolitaine",,,NON_DISPONIBLE,FCBA-CNPF,C,"Code local CERISIER_MERIS à mapper"
NOYER_COMMUN,Noyer commun,Juglans regia,niche,indigene_local,"placage;ebenisterie;sciage","couleur;veinage;diametre;defauts internes","Sud-Ouest;Sud-Est;vergers",,,NON_DISPONIBLE,FCBA-CNPF,C,"Transactions souvent ponctuelles"
NOYER_NOIR,Noyer noir,Juglans nigra,niche,neophyte_plante,"placage;ebenisterie;sciage","couleur;veinage;diametre;rectitude","Plantations et parcs",,,NON_DISPONIBLE,FCBA-CNPF,C,""
BOUL_VERRUQ,Bouleau verruqueux,Betula pendula,secondaire,indigene,"deroulage;contreplaque;pate;energie","blancheur;diametre;noeuds","France metropolitaine",,,NON_DISPONIBLE,FCBA,C,""
BOUL_PUBESC,Bouleau pubescent,Betula pubescens,secondaire,indigene,"contreplaque;pate;energie","humidite;diametre;noeuds","Nord;zones humides;montagnes",,,NON_DISPONIBLE,FCBA,C,""
AULNE_GLUT,Aulne glutineux,Alnus glutinosa,secondaire,indigene,"panneaux;tournage;usages immerges;energie","humidite;diametre;rectitude","Ripisylves;plaines",,,NON_DISPONIBLE,FCBA-CNPF,C,""
TIL_PET_FEUIL,Tilleul à petites feuilles,Tilia cordata,niche,indigene,"sculpture;tournage;ameublement","blancheur;tendreté;fil","France metropolitaine",,,NON_DISPONIBLE,FCBA,C,""
ORME,Orme,Ulmus spp.,historique,indigene,"ameublement;tournage;placage local","fil;coeur;diametre;disponibilite","France metropolitaine",,,NON_DISPONIBLE,FCBA-CNPF,C,"Ressource réduite"
SAULE,Saule,Salix spp.,niche,indigene,"osier;biomasse;energie;pate","humidite;longueur;diametre","Zones humides;France metropolitaine",,,NON_DISPONIBLE,ADEME-FCBA,C,""
PIN_MARITIME,Pin maritime,Pinus pinaster,principale,indigene,"sciage;panneaux;pate;bois ronds","noeuds;diametre;longueur;conicite;feu","Landes de Gascogne;Sud-Ouest",56,53,FBF-INDICATEUR-2026,CNPF-ONF-FCBA,A,"Pratiques de découpe propres au bassin à documenter"
PIN_SYLVESTRE,Pin sylvestre,Pinus sylvestris,principale,indigene,"sciage;charpente;menuiserie;bois ronds","noeuds;aubier;bleuissement;rectitude","Nord-Est;Alpes;Massif central",36,44,FBF-INDICATEUR-2026,FCBA-ONF,B,""
PIN_LARICIO,Pin laricio,Pinus nigra subsp. laricio,principale,indigene,"sciage;charpente;bois d'oeuvre","rectitude;elagage;diametre","Corse;Sud-Est",40,45,FBF-INDICATEUR-2026,ONF-CNPF,A,"Groupe FBF pin laricio"
PIN_NOIR_AUTR,Pin noir,Pinus nigra,secondaire,plante,"charpente secondaire;reboisement;energie","noeuds;conicite;diametre","Sud-Est;zones calcaires",,,NON_DISPONIBLE,FCBA-CNPF,C,""
PIN_ALEP,Pin d'Alep,Pinus halepensis,niche,indigene,"energie;pate;bois local","petites dimensions;resine;incendie","Mediterranee",,,NON_DISPONIBLE,FCBA-CNPF,C,""
PIN_PIGNON,Pin pignon,Pinus pinea,niche,indigene_plante,"pignons;energie;bois local","produit non ligneux;diametre","Mediterranee",,,NON_DISPONIBLE,FCBA-CNPF,C,""
PIN_WEYMOUTH,Pin de Weymouth,Pinus strobus,niche,neophyte_plante,"menuiserie legere;sciage","faible densite;noeuds","Plantations dispersées",,,NON_DISPONIBLE,FCBA,C,""
DOUGLAS_VERT,Douglas,Pseudotsuga menziesii,principale,neophyte_plante,"sciage;charpente;lamelle-colle;bardage","diametre;noeuds;rectitude;longueur;classe mecanique","Massif central;Limousin;Morvan;Ouest",89,93,FBF-INDICATEUR-2026,FCBA-ONF-CNPF,B,""
EPICEA_COMMUN,Épicéa commun,Picea abies,principale,indigene_plante,"construction;sciage;charpente;pate","noeuds;scolytes;bois de compression;humidite","Alpes;Jura;Vosges;Massif central",54,69,FBF-INDICATEUR-2026,FCBA-ONF,B,""
EPICEA_SITKA,Épicéa de Sitka,Picea sitchensis,secondaire,neophyte_plante,"sciage;construction","diametre;noeuds;rectitude","Bretagne;Normandie;Ouest",60,65,FBF-INDICATEUR-2026,FCBA-ONF,B,""
SAPIN_PECTINE,Sapin pectiné,Abies alba,principale,indigene,"sciage;construction;menuiserie interieure","noeuds;rectitude;humidite;scolytes","Vosges;Jura;Alpes;Pyrenees",47,53,FBF-INDICATEUR-2026,FCBA-ONF,B,""
SAPIN_GRANDIS,Sapin de Vancouver,Abies grandis,secondaire,neophyte_plante,"sciage;construction;energie","diametre;rectitude;noeuds","Ouest;plantations",,,NON_DISPONIBLE,FCBA-CNPF,C,""
MEL_EUROPE,Mélèze d'Europe,Larix decidua,secondaire,indigene,"sciage;charpente;bardage exterieur","durabilite;noeuds;rectitude","Alpes;Pyrenees",,,NON_DISPONIBLE,FCBA-ONF,C,""
MEL_JAPON,Mélèze du Japon,Larix kaempferi,secondaire,neophyte_plante,"sciage;bardage;exterieur","durabilite;noeuds","Plantations montagnardes",,,NON_DISPONIBLE,FCBA,C,""
CEDRE_ATLAS,Cèdre de l'Atlas,Cedrus atlantica,niche,neophyte_plante,"sciage;bardage;menuiserie","durabilite;diametre;rectitude","Sud-Est;Massif central",,,NON_DISPONIBLE,FCBA-CNPF,C,""
CYPRES,Cyprès,Cupressus spp.,niche,plante,"bardage;exterieur;artisanat","durabilite;diametre;rectitude","Mediterranee;parcs;plantations",,,NON_DISPONIBLE,FCBA,C,"Groupe taxonomique à préciser"
IF,If,Taxus baccata,niche,indigene,"tournage;sculpture;artisanat","rareté;reglementation;petit diametre","France metropolitaine",,,NON_DISPONIBLE,INPN-FCBA,C,"Récolte soumise à contexte réglementaire"
GENEVRIER,Genévrier,Juniperus spp.,niche,indigene,"artisanat;tournage;produits locaux","rareté;diametre;origine","France metropolitaine",,,NON_DISPONIBLE,INPN-FCBA,C,""
SEQUOIA,Sequoia,Sequoia sempervirens,niche,neophyte_plante,"sciage local;exterieur","disponibilite;diametre;durabilite","Plantations et parcs",,,NON_DISPONIBLE,FCBA,C,""
AUTRE_FEUILLU,Autre feuillu,Taxon à qualifier,non_documente,à_qualifier,"energie;industrie;artisanat","à qualifier","France metropolitaine",,,NON_DISPONIBLE,IGN-TAXREF,D,"Ne pas utiliser comme essence précise"
AUTRE_RESINEUX,Autre résineux,Taxon à qualifier,non_documente,à_qualifier,"energie;industrie;artisanat","à qualifier","France metropolitaine",,,NON_DISPONIBLE,IGN-TAXREF,D,"Ne pas utiliser comme essence précise"
